INSERT INTO `detai` VALUES (1,'13000000','1','Xây dựng ứng dụng bảo vệ điện thoại trên nền tảng Android','CNTT'),(2,'13000002','2','Phát triển ứng dụng web dùng Spring MVC, Hibernate','CNTT'),(3,'13000001','3','Xây dựng ứng dụng phân tích và dự báo giá chứng khoán','CNTT'),(4,'13000003','4','Xây dựng website topscorers.net','CNTT');
INSERT INTO `ketqua` VALUES (1,'13000000',NULL,NULL,'12000000',9,'Nhận xét của Dũng','13000001',NULL,NULL);
INSERT INTO `nhom` VALUES (1,'14110095'),(1,'14110104'),(1,'14110106'),(2,'14110001'),(3,'14110000'),(4,'14110002');
INSERT INTO `quatrinhbaocao` VALUES (1,'nhận xét của giảng viên hướng dẫn','Mô tả đề tài 1','DBMS.txt','Xét duyệt',NULL,'Được báo cáo'),(2,NULL,NULL,NULL,'Chưa xét duyệt',NULL,'Chưa nộp'),(3,NULL,NULL,NULL,'Chưa xét duyệt',NULL,'Chưa nộp'),(4,NULL,NULL,NULL,'Chưa xét duyệt',NULL,'Chưa nộp');
INSERT INTO `thongbao` VALUES (1,'Đề tài Xây dựng ứng dụng bảo vệ điện thoại trên nền tảng Android đã được xếp lịch','2016-12-09 18:57:05','Ngày Báo Cáo: 2016-12-09 \n\nLúc:  19:00\n\nThời lượng: 1000\n\n');
INSERT INTO `user` VALUES ('12000000','123','3','Đặng Thanh Dũng','12000000','12000000','12000000@gmail.com','CNPM','CNTT','1992-12-12','Quận Thủ Đức',NULL),('13000000','123','2','Nguyễn Trần Thi Văn','13000000','33534345','13000000@gmail.com','CNPM','CNTT','1996-12-01','Tây Ninh',NULL),('13000001','123','2','Lê Văn Vinh','13000001','12345678','13000001@gmail.com','CNPM','CNTT','1989-12-12',NULL,NULL),('13000002','123','2','Mai Tuấn Khôi','13000002','12345688','13000002@gmail.com','HTTT','CNTT','1988-12-12','Quận 1 TpHCM',NULL),('13000003','123','2','Nguyễn Minh Đạo','13000003','12321',NULL,NULL,NULL,'1996-12-12','Thủ Đức',NULL),('14110000','123','1','Nguyễn Hiển','14110000','123456789','14110100@gmail.com','CNPM','CNTT','1996-10-10','Long An',NULL),('14110001','123','1','Duy Hoàng','14110001',NULL,'14110001@gmail.com','CNPM','CNTT','1996-09-09','Quảng Nam',NULL),('14110002','123','1','Nguyễn Văn A','14110002','123456789','14110002@gmail.com','CNPM','CNTT','1994-12-12','Tiền Giang',NULL),('14110095','123','1','Lê Quốc Kỳ','14110095','8932832928',NULL,'CNPM','CNTT','1996-04-16','Số 1 Võ Văn Ngân',NULL),('14110104','123','1','Đào Hữu Lộc','14110104','01254709525','daohuuloc9419@gmail.com','CNPM','CNTT','1996-09-28','Bến Tre',NULL),('14110106','123','1','Lương Ngọc Lợi','14110106','12345678','14110000@gmail.com','CNPM','CNTT','1995-12-12','Tiền Giang',NULL);
INSERT INTO `xeplich` VALUES (1,'12000000','13000001','12000000','19:00:00',1000,'2016-12-09'),(2,NULL,NULL,NULL,NULL,NULL,NULL),(3,NULL,NULL,NULL,NULL,NULL,NULL),(4,NULL,NULL,NULL,NULL,NULL,NULL);
